{"cameraMode":{"drawMode":0,"name":"Shaded","section":"Shading Mode"},"sceneLighting":false,"audioPlay":false,"sceneViewState":{"m_AlwaysRefresh":false,"showFog":true,"showSkybox":false,"showFlares":true,"showImageEffects":true,"showParticleSystems":true,"showVisualEffectGraphs":true,"m_FxEnabled":true},"in2DMode":false,"pivot":{"x":-0.6953373551368713,"y":0.7453607320785523,"z":0.22720536589622498},"rotation":{"x":-0.09181047976016998,"y":0.9077128767967224,"z":-0.2736528515815735,"w":-0.30453744530677798},"size":0.9130668044090271,"orthographic":false}